LYS40A,19.14
THR42A,4.32
ARG104A,34.26
ALA107A,70.34
ILE108A,91.07
PRO111A,90.50
PHE112A,54.80
ARG113A,35.17
TYR114A,63.38
GLU115A,50.76
ARG116A,74.20
LYS117A,1.97
THR119A,51.69
PRO120A,45.26
LYS121A,48.04
PHE124A,1.89
ILE200A,92.21
ILE203A,8.48
ALA204A,54.08
GLN207A,86.57
ILE208A,40.02
ARG210A,45.11
ALA212A,25.54
ALA213A,90.29
LEU214A,69.37
GLU215A,74.77
ARG216A,26.63
ALA217A,77.33
ALA218A,100.00
ALA219A,83.81
ALA220A,99.90
SER221A,77.85
GLN222A,68.11
PRO223A,9.03
LYS228A,14.00
MET229A,19.10
ARG233A,56.66
LYS236A,16.71
VAL237A,87.29
THR240A,43.98
LEU241A,32.49
PHE300A,5.60
ASN301A,70.58
ALA302A,35.27
ASP303A,32.21
LYS17B,1.94
ASP20B,38.77
LYS21B,15.29
ARG24B,40.59
GLU28B,62.48
ALA31B,35.50
ARG32B,69.19
GLU115B,1.64
GLU116B,53.06
GLN117B,6.08
LYS193B,13.31
ASP194B,27.07
LEU195B,33.66
LEU267B,21.49
TYR291B,22.13
ALA294B,22.14
ASN295B,12.39
TYR297B,30.67
SER302B,81.78
GLN305B,99.95
SER306B,82.90
PHE308B,37.13
GLU309B,80.78
ASP310B,11.44
ASN312B,89.64
LYS313B,87.38
ARG314B,20.71
ASP316B,47.67
GLU319B,89.53
ILE320B,78.49
TYR321B,77.94
THR322B,56.78
PHE324B,19.11
PHE337B,52.86
ASP338B,20.24
THR341B,93.77
ASP342B,75.83
ILE344B,33.12
ILE345B,86.22
LYS346B,78.41
ASN347B,3.83
ASN348B,52.11
LEU349B,80.63
LYS350B,4.20
ASP351B,77.86
CYS352B,37.28
GLY353B,63.45
LEU354B,89.21
PHE355B,80.21
