ALA1A,4.28226350733718
ASP2A,4.36381605924405
ARG3A,2.53016270666828
PRO4A,1.50249265915261
HIS5A,1.09774178270631
TYR6A,0.869272823551993
ASN7A,0.811376077659457
TYR8A,0.770787082331541
TYR9A,0.538885765709121
ALA10A,0.467217979307363
THR11A,0.534469482620881
LEU12A,0.445421621796608
LEU13A,0.315287397712612
THR14A,0.372544143976974
LEU15A,0.384588517010082
LEU16A,0.271747735590068
ILE17A,0.246321154267245
ALA18A,0.286176122190306
VAL19A,0.238307498405768
ILE20A,0.163306035445288
VAL21A,0.192448664072135
PHE22A,0.243509549384149
GLY23A,0.196176379709531
ASN24A,0.169798136641149
VAL25A,0.242446609987738
LEU26A,0.263864890465252
VAL27A,0.218636392522658
CYS28A,0.244532352409618
MET29A,0.31765091573333
ALA30A,0.29513464758418
VAL31A,0.297909051039068
SER32A,0.457910797299974
ARG33A,0.518959941645808
GLU34A,0.40844400026371
LYS35A,0.480110667892779
ALA36A,0.428087293980334
LEU37A,0.285889571536247
GLN38A,0.357000616965947
THR39A,0.310851178070333
THR40A,0.286628966948097
THR41A,0.250536477095259
ASN42A,0.206500834392164
TYR43A,0.20867463117608
LEU44A,0.174673875822866
ILE45A,0.164825728122892
VAL46A,0.189161375684495
SER47A,0.185675704948022
LEU48A,0.141269457503736
ALA49A,0.147841423562298
VAL50A,0.179952610921539
ALA51A,0.144266883691184
ASP52A,0.130248514822712
LEU53A,0.158362604721328
LEU54A,0.183397478355432
VAL55A,0.155408387729013
ALA56A,0.163580563761582
THR57A,0.243855440055095
LEU58A,0.236131001231611
VAL59A,0.191932907812567
MET60A,0.197545309861239
PRO61A,0.285984141814681
TRP62A,0.276458959628794
VAL63A,0.26246361281265
VAL64A,0.309956319731249
TYR65A,0.37015573663448
LEU66A,0.359212294974158
GLU67A,0.413736116562702
VAL68A,0.51263294561623
VAL69A,0.636755838091304
GLY70A,0.607529954764039
GLU71A,0.670370616593936
TRP72A,0.532200062838634
LYS73A,0.667487096351423
PHE74A,0.615215249522081
SER75A,0.566378291472595
ARG76A,0.499562448185756
ILE77A,0.606431391479283
HIS78A,0.481928033271061
CYS79A,0.341729087225996
ASP80A,0.396182910504138
ILE81A,0.368332912360354
PHE82A,0.27862772611301
VAL83A,0.2431940499929
THR84A,0.237346251169827
LEU85A,0.18856429919792
ASP86A,0.167720467866803
VAL87A,0.168346400140752
MET88A,0.166491094083354
MET89A,0.135135647645874
CYS90A,0.136389695725535
THR91A,0.144513986702167
ALA92A,0.134314879482505
SER93A,0.113510112539754
ILE94A,0.129705976306725
LEU95A,0.143580455157527
ASN96A,0.131376820903718
LEU97A,0.138144169320063
CYS98A,0.147760750327663
ALA99A,0.169904860462067
ILE100A,0.165077999749711
SER101A,0.150554781508574
ILE102A,0.175977110246086
ASP103A,0.189367210528107
ARG104A,0.178726899444911
TYR105A,0.174151679696601
THR106A,0.182309695033805
ALA107A,0.161621616195584
VAL108A,0.188960405909302
ALA109A,0.218665254549898
MET110A,0.215811437418361
PRO111A,0.162239279549523
MET112A,0.186920388215107
LEU113A,0.191215737217657
TYR114A,0.188748057636414
ASN115A,0.201458043006098
THR116A,0.17640387334541
ARG117A,0.208566090268554
TYR118A,0.27775541660922
SER119A,0.315617874241841
SER120A,0.277933475392536
LYS121A,0.275817153011568
ARG122A,0.37158462414043
ARG123A,0.29092831568716
VAL124A,0.253127099386332
THR125A,0.321467014804777
VAL126A,0.336227452645091
MET127A,0.278246674047236
ILE128A,0.268155363144979
SER129A,0.315479527664743
ILE130A,0.297117541108847
VAL131A,0.234734711212316
TRP132A,0.254205762835066
VAL133A,0.341044020677331
LEU134A,0.288920903452273
SER135A,0.225237686354806
PHE136A,0.326419454970899
THR137A,0.362459211476382
ILE138A,0.261635255660676
SER139A,0.32715576583377
CYS140A,0.403437723577261
PRO141A,0.366315890089991
LEU142A,0.343565668335278
LEU143A,0.460405925337364
PHE144A,0.492354846814085
GLY145A,0.446437636624732
LEU146A,0.586002174330079
ASN147A,0.756263425861737
ASN148A,1.20865159093423
ALA149A,0.840322975642604
ASP150A,0.689032786337088
GLN151A,0.587795208791201
ASN152A,0.552181443721795
GLU153A,0.550678956524363
CYS154A,0.473353511475958
ILE155A,0.538744151534892
ILE156A,0.545223454454802
ALA157A,0.492461810936404
ASN158A,0.486358172535248
PRO159A,0.447889237013278
ALA160A,0.527062979051681
PHE161A,0.392664866408022
VAL162A,0.328349996833452
VAL163A,0.404982034434737
TYR164A,0.368760816733036
SER165A,0.289531638029744
SER166A,0.248902087276343
ILE167A,0.288211172721404
VAL168A,0.282714409501436
SER169A,0.221509197196415
PHE170A,0.206399258650809
TYR171A,0.272423592659264
VAL172A,0.292097640130075
PRO173A,0.220022364696646
PHE174A,0.222766905667375
ILE175A,0.299097764715809
VAL176A,0.254715758495804
THR177A,0.189884917767727
LEU178A,0.236075845081197
LEU179A,0.250433605630572
VAL180A,0.192611867119821
TYR181A,0.202114240448745
ILE182A,0.244877731491815
LYS183A,0.232117660992377
ILE184A,0.192447942213302
TYR185A,0.221094687861734
ILE186A,0.263835577385581
VAL187A,0.239431496822065
LEU188A,0.230301622573075
ARG189A,0.262779168988497
ARG190A,0.276817879181353
ARG191A,0.261140952075024
ARG192A,0.257901197039755
LYS193A,0.291948685678671
ARG194A,0.289826148795088
VAL195A,0.251820316601534
ASN196A,0.292789139968513
THR197A,0.332918120567898
LYS198A,0.27278475980959
ARG199A,0.295010416258434
SER200A,0.398880272145002
SER201A,0.535578747020789
ARG202A,0.890518849655091
ALA203A,1.12709668137561
ALA204A,1.13169121080838
LEU205A,0.990295243977469
LYS206A,1.86859786613843
THR207A,1.97472265878517
MET208A,1.21244946975861
SER209A,0.737629337908727
ARG210A,0.832923437438456
ARG211A,0.704176953609596
LYS212A,0.779643568405668
LEU213A,0.577299416033751
SER214A,0.983224459628565
GLN215A,0.690180041369931
GLN216A,0.446538216484754
LYS217A,0.325162185204126
GLU218A,0.318107607295915
LYS219A,0.320548475787575
LYS220A,0.267047438975201
ALA221A,0.211537425791166
THR222A,0.24408620521485
GLN223A,0.256729500473713
MET224A,0.230426572067939
LEU225A,0.23239241610121
ALA226A,0.242191291058827
ILE227A,0.244433565451687
VAL228A,0.214334154642489
LEU229A,0.223195193002328
GLY230A,0.222098792064194
VAL231A,0.186874684932886
PHE232A,0.187810810479874
ILE233A,0.215479311516601
ILE234A,0.207277293470301
CYS235A,0.164905576120084
TRP236A,0.174294781574424
LEU237A,0.233418313352302
PRO238A,0.266522835346031
PHE239A,0.20709326417762
PHE240A,0.238236824161333
ILE241A,0.325872333801386
THR242A,0.302918299051809
HIS243A,0.284522100222019
ILE244A,0.371072046578044
LEU245A,0.430884609189461
ASN246A,0.410092163647988
ILE247A,0.518373091385442
HIS248A,0.629407863266938
CYS249A,0.760662726316122
ASP250A,0.857892841141153
CYS251A,1.16842812533769
ASN252A,0.882173356707133
ILE253A,0.654799145804874
PRO254A,0.678675075441006
PRO255A,0.535694820946857
VAL256A,0.513185416844027
LEU257A,0.396383473415487
TYR258A,0.296506014732857
SER259A,0.285821304819613
ALA260A,0.277855548989546
PHE261A,0.20521361073738
THR262A,0.186528371234172
TRP263A,0.199851289509898
LEU264A,0.174560729867243
GLY265A,0.133433082654539
TYR266A,0.154000067649765
VAL267A,0.168545244093631
ASN268A,0.13609865343402
SER269A,0.132387586421847
ALA270A,0.148817257161534
VAL271A,0.162190715645605
ASN272A,0.152749269508698
PRO273A,0.162288874201161
ILE274A,0.191323730925375
ILE275A,0.184751053452293
TYR276A,0.16458979064363
THR277A,0.185947961837594
THR278A,0.206997734750411
PHE279A,0.188875466209121
ASN280A,0.193258284947518
ILE281A,0.259832443369886
GLU282A,0.290283158095322
PHE283A,0.21574773284924
ARG284A,0.253041816037473
LYS285A,0.33733489315134
ALA286A,0.338605652895242
PHE287A,0.333161589846933
LEU288A,0.511910578454098
LYS289A,0.597177115408311
ILE290A,0.606322177696176
LEU291A,0.761673530680582
HIS292A,1.10016752745196
CYS293A,1.64628103404562
MET1B,8.36130241175139
GLY2B,7.5625355015178
CYS3B,8.37358638257195
THR4B,6.39506792127952
VAL5B,4.79410824304709
SER6B,3.86982825964575
ALA7B,3.28825321107987
GLU8B,2.5163096552602
ASP9B,2.28422605577588
LYS10B,2.07117011254466
ALA11B,1.42258498656796
ALA12B,1.28528956918911
ALA13B,1.34482213306435
GLU14B,1.04050363563248
ARG15B,0.726064786540159
SER16B,0.810391643918326
LYS17B,0.776063083550569
MET18B,0.55526407055298
ILE19B,0.485581617980349
ASP20B,0.490054105782919
LYS21B,0.400723997844732
ASN22B,0.363759383545296
LEU23B,0.368930621280418
ARG24B,0.320850955760716
GLU25B,0.269023761975221
ASP26B,0.268122795746308
GLY27B,0.262115209221112
GLU28B,0.224762526092439
LYS29B,0.184797160136411
ALA30B,0.213535320294838
ALA31B,0.209397649491413
ARG32B,0.160932487442368
GLU33B,0.156617774501695
VAL34B,0.190077378321404
LYS35B,0.157804394057533
LEU36B,0.147270994103828
LEU37B,0.136867124432772
LEU38B,0.153817901813186
LEU39B,0.185296306919303
GLY40B,0.174188589062216
ALA41B,0.211067382718322
GLY42B,0.312483832969907
GLU43B,0.348840913067685
SER44B,0.193469119452161
GLY45B,0.286939380011099
LYS46B,0.239526208982393
SER47B,0.312535050955901
THR48B,0.304470075178454
ILE49B,0.273893040992479
VAL50B,0.330394620807302
LYS51B,0.374291790012071
GLN52B,0.399349133819397
MET53B,0.344894977331614
LYS54B,0.310683441599569
ILE55B,0.240518856359017
ILE56B,0.19782103429991
HIS57B,0.268314586380332
GLU58B,0.236599995815382
ASP59B,0.154213708253546
GLY60B,0.124167799674621
TYR61B,0.122317120732572
SER62B,0.1235578410474
GLU63B,0.154699858463248
GLU64B,0.190513257745286
GLU65B,0.356801814514725
CYS66B,0.468006195564495
ARG67B,0.363501059168635
GLN68B,0.215701191898598
TYR69B,0.160543073800264
ARG70B,0.143802894716959
ALA71B,0.109779765864478
VAL72B,0.130012745350635
VAL73B,0.194991660264948
TYR74B,0.217475949076955
SER75B,0.157146813200458
ASN76B,0.131403745456027
THR77B,0.166358853475682
ILE78B,0.192512539634592
GLN79B,0.170970363213826
SER80B,0.168227789333193
ILE81B,0.19486049524526
MET82B,0.21163937360405
ALA83B,0.207724855216566
ILE84B,0.220845657789119
VAL85B,0.267474822702022
LYS86B,0.310382778192946
ALA87B,0.309249073845092
MET88B,0.355659495179541
GLY89B,0.499320581885093
ASN90B,0.521132212827105
LEU91B,0.547541998656475
GLN92B,0.616348348621172
ILE93B,0.54976038332794
ASP94B,0.793859192433855
PHE95B,0.591019374349084
ALA96B,0.657701781794139
ASP97B,0.682624925510993
PRO98B,0.703305174808501
SER99B,0.908163566669237
ARG100B,1.11037985435314
ALA101B,0.828539463022162
ASP102B,0.582144655280271
ASP103B,0.606615911231532
ALA104B,0.642662123347534
ARG105B,0.476832242741126
GLN106B,0.408300635090972
LEU107B,0.48886447559869
PHE108B,0.441852771687948
ALA109B,0.323989328837249
LEU110B,0.372707639711512
SER111B,0.46924304251036
CYS112B,0.438358677095182
THR113B,0.407327071373115
ALA114B,0.585665794284473
GLU115B,0.489435531984837
GLU116B,0.556334089336961
GLN117B,0.521783729965138
GLY118B,0.5872679966825
VAL119B,0.560908530311629
LEU120B,0.518734907624094
PRO121B,0.622855229914775
ASP122B,0.587366029259167
ASP123B,0.631025932712965
LEU124B,0.445201783204549
SER125B,0.404888120763609
GLY126B,0.501179994468886
VAL127B,0.440204289705635
ILE128B,0.340421611411116
ARG129B,0.396443031088357
ARG130B,0.458106916246096
LEU131B,0.382438894689004
TRP132B,0.384832192154845
ALA133B,0.525164665474152
ASP134B,0.474810184837141
HIS135B,0.495283060635063
GLY136B,0.440101752649517
VAL137B,0.339453449999745
GLN138B,0.385086591719399
ALA139B,0.418586848241749
CYS140B,0.326269213017876
PHE141B,0.308312687261568
GLY142B,0.44281659862324
ARG143B,0.422314288955829
SER144B,0.359197534812635
ARG145B,0.516004752879276
GLU146B,0.516573596866734
TYR147B,0.400813326813204
GLN148B,0.327901154990902
LEU149B,0.242080244538737
ASN150B,0.167171175916302
ASP151B,0.22901467490944
SER152B,0.217792697802154
ALA153B,0.196059854926334
ALA154B,0.283416554187531
TYR155B,0.319627904386671
TYR156B,0.259111456407156
LEU157B,0.269879137466659
ASN158B,0.377708700521072
ASP159B,0.381375189877366
LEU160B,0.376243367107373
GLU161B,0.548294173115654
ARG162B,0.500753006090096
ILE163B,0.391049239134148
ALA164B,0.504976479464145
GLN165B,0.616279354532724
SER166B,0.919356006395047
ASP167B,0.977975612256804
TYR168B,0.6905007269
ILE169B,0.607352955752741
PRO170B,0.509489376593955
THR171B,0.649950567187932
GLN172B,0.666592710441722
GLN173B,0.751786299589622
ASP174B,0.444508748201604
VAL175B,0.337951987180495
LEU176B,0.359522328006866
ARG177B,0.291697232484541
THR178B,0.217276296274265
ARG179B,0.236184177764017
VAL180B,0.164206351823869
LYS181B,0.320115938479165
THR182B,0.607992627798318
THR183B,0.598093996147797
GLY184B,0.548402872607985
ILE185B,0.447033030954324
VAL186B,0.325031686180692
GLU187B,0.22741726074239
THR188B,0.218165898770094
HIS189B,0.164728932627591
PHE190B,0.15417698674014
THR191B,0.129976402451167
PHE192B,0.170279635322603
LYS193B,0.239924444359121
ASP194B,0.201174759949615
LEU195B,0.168553501392246
HIS196B,0.137576907946155
PHE197B,0.14003551465294
LYS198B,0.143790579041953
MET199B,0.15309115565132
PHE200B,0.183820222067718
ASP201B,0.21335863747748
VAL202B,0.279776519204933
GLY203B,0.385836639627834
GLY204B,0.533759051123321
GLN205B,0.596651379875102
ARG206B,0.812518215082008
SER207B,0.720662775475534
GLU208B,0.657299252594074
ARG209B,0.468756908409248
LYS210B,0.549615031557841
LYS211B,0.656781442905385
TRP212B,0.519981176855637
ILE213B,0.399434433430174
HIS214B,0.438732181506524
CYS215B,0.458729435511006
PHE216B,0.35670522026999
GLU217B,0.326725855654788
GLY218B,0.345681693834214
VAL219B,0.19649428848532
THR220B,0.154473275921685
ALA221B,0.129918341081435
ILE222B,0.126510562169289
ILE223B,0.124944570672339
PHE224B,0.128670610625567
CYS225B,0.129872865768809
VAL226B,0.140085672931745
ALA227B,0.15584032193243
LEU228B,0.165168417393201
SER229B,0.227259201137781
ALA230B,0.210271802973962
TYR231B,0.240706644471441
ASP232B,0.367037470904963
LEU233B,0.389410630950985
VAL234B,0.449718493931613
LEU235B,0.457015103109968
ALA236B,0.840954310133523
GLU237B,1.5385571606967
ASP238B,2.17232737424181
GLU239B,1.60365834726575
GLU240B,1.00666910076545
MET241B,0.490606043337805
ASN242B,0.278864070566001
ARG243B,0.232302660969853
MET244B,0.19654261289965
HIS245B,0.224879406192701
GLU246B,0.242195665610233
SER247B,0.204455011817511
MET248B,0.20282126521494
LYS249B,0.262422891505624
LEU250B,0.254942238432617
PHE251B,0.208992254400868
ASP252B,0.233092457140108
SER253B,0.279222376674595
ILE254B,0.238414232853251
CYS255B,0.244516019733333
ASN256B,0.318415358037827
ASN257B,0.307172894716229
LYS258B,0.358271743462388
TRP259B,0.347228796957902
PHE260B,0.22738723338759
THR261B,0.261975543000028
ASP262B,0.223066347111338
THR263B,0.189044118468134
SER264B,0.146430280005963
ILE265B,0.132391223000101
ILE266B,0.122310928044241
LEU267B,0.12431752428829
PHE268B,0.127925118484768
LEU269B,0.137222743751901
ASN270B,0.161753101990264
LYS271B,0.211811916332465
LYS272B,0.227364221622186
ASP273B,0.357376229782706
LEU274B,0.33035743929272
PHE275B,0.253085901051081
GLU276B,0.375115920535468
GLU277B,0.463682214760629
LYS278B,0.377069981988053
ILE279B,0.433043437280243
THR280B,0.621233268882663
HIS281B,0.66353663859012
SER282B,0.713718760718466
PRO283B,0.843646691960687
LEU284B,0.512247044477333
THR285B,0.596775494252085
ILE286B,0.440068727490733
CYS287B,0.546714506633954
PHE288B,0.5937461508997
PRO289B,0.586028957313189
GLU290B,0.723315815799623
TYR291B,0.534645836881295
THR292B,0.581945443644784
GLY293B,0.617051350527802
ALA294B,0.49211574753038
ASN295B,0.918396285303333
LYS296B,1.19309588390437
TYR297B,0.62562335757745
ASP298B,0.460002149905863
GLU299B,0.392568881898716
ALA300B,0.303638646708664
ALA301B,0.261121919227996
SER302B,0.242817695883929
TYR303B,0.221797128502708
ILE304B,0.188133521598166
GLN305B,0.172384730477175
SER306B,0.183169402523986
LYS307B,0.184710621506574
PHE308B,0.184731155999607
GLU309B,0.171290050906764
ASP310B,0.197542486165745
LEU311B,0.216232458742364
ASN312B,0.188900430480464
LYS313B,0.265828980982906
ARG314B,0.302305949064798
LYS315B,0.267670705929956
ASP316B,0.279627518572511
THR317B,0.219605743229921
LYS318B,0.185310480877058
GLU319B,0.189979466093166
ILE320B,0.160449386216596
TYR321B,0.158572518296935
THR322B,0.166769056643149
HIS323B,0.189592153957615
PHE324B,0.20853502180539
THR325B,0.233583758585369
CYS326B,0.275849908450098
ALA327B,0.396026323742901
THR328B,0.500220436512216
ASP329B,0.444434806195786
THR330B,0.516978095172893
LYS331B,0.365868739123544
ASN332B,0.222327517016779
VAL333B,0.23745486954203
GLN334B,0.20888384098507
PHE335B,0.185879559781424
VAL336B,0.16119503366182
PHE337B,0.174367410497899
ASP338B,0.176864034846918
ALA339B,0.14858493654993
VAL340B,0.145212806913145
THR341B,0.160032269067809
ASP342B,0.170329898642611
VAL343B,0.163448138467336
ILE344B,0.174885692843084
ILE345B,0.173131172354114
LYS346B,0.173555174129587
ASN347B,0.200665209774981
ASN348B,0.185655418699441
LEU349B,0.164105822541157
LYS350B,0.180284264568245
ASP351B,0.207134713515414
CYS352B,0.174790835075338
GLY353B,0.208211578033307
LEU354B,0.203668022237437
PHE355B,0.244854834296898
