ARG104A,10.7

ALA107A,15.56

VAL108A,34.64

PRO111A,56.06

MET112A,93.99

LEU113A,24.6

TYR114A,11.36

ASN115A,97.52

THR116A,81.58

ARG117A,50.65

TYR118A,16.03

SER120A,13.47

LYS121A,14.28

ARG122A,27.35

LEU188A,45.89

ARG191A,80.72

ARG192A,28.97

ARG194A,19.12

VAL195A,22.16

LYS198A,118.68

ARG199A,130.76

SER200A,59.34

LYS212A,61.07

LEU213A,19.05

LYS217A,78.86

LYS220A,52.04

ALA221A,23.53

MET224A,37.84

PHE279A,52.38

ASN280A,49.01

ILE281A,47.08

ARG24B,24.15

GLU28B,43.26

ARG32B,89.99

VAL34B,13.5

GLU116B,26.65

LYS192B,24.34

ASP193B,27.16

LEU194B,52.6

GLN304B,22.58

CYS305B,29.51

GLU308B,61.44

LYS312B,108.84

ARG313B,16.2

LYS314B,14.72

ASP315B,29.1

GLU318B,38.14

ILE319B,13.5

TYR320B,20.62

THR321B,14.37

PHE336B,26.24

ASP337B,25.59

THR340B,54.35

ASP341B,33.02

ILE343B,51.24

ILE344B,72.66

LYS345B,23.03

ASN347B,32.21

LEU348B,48.72

ASP350B,84.49

CYS351B,79.15

GLY352B,48.95

LEU353B,127.43
