ARG1A,459.62774658203125
ASP2A,164.57582092285156
PHE3A,227.0247039794922
SER4A,174.00469970703125
VAL5A,183.46461486816406
ARG6A,202.26194763183594
ILE7A,145.12200927734375
LEU8A,243.69175720214844
THR9A,151.3639373779297
ALA10A,154.30133056640625
CYS11A,119.3350830078125
PHE12A,181.77896118164063
LEU13A,89.1336441040039
SER14A,145.98504638671875
LEU15A,247.3918914794922
LEU16A,130.68069458007813
ILE17A,195.01168823242188
LEU18A,218.6765899658203
SER19A,143.7342071533203
THR20A,50.43128204345703
LEU21A,202.6866455078125
LEU22A,165.27394104003906
GLY23A,127.94917297363281
ASN24A,120.16342163085938
THR25A,136.55230712890625
LEU26A,171.63833618164063
VAL27A,75.93118286132813
CYS28A,100.0645751953125
ALA29A,83.63331604003906
ALA30A,70.93639373779297
VAL31A,93.51426696777344
ILE32A,173.57521057128906
ARG33A,241.8680877685547
PHE34A,112.87757110595703
ARG35A,247.843994140625
HIS36A,135.82357788085938
LEU37A,42.912593841552734
ARG38A,191.84091186523438
SER39A,131.59519958496094
LYS40A,149.46241760253906
VAL41A,71.0593490600586
THR42A,65.81710052490234
ASN43A,142.3734893798828
PHE44A,81.6290512084961
PHE45A,67.60971069335938
VAL46A,90.2795181274414
ILE47A,136.73138427734375
SER48A,107.08573150634766
LEU49A,84.80780792236328
ALA50A,77.2489242553711
VAL51A,192.3286895751953
SER52A,144.55795288085938
ASP53A,133.9038543701172
LEU54A,199.53887939453125
LEU55A,113.15480041503906
VAL56A,53.31740951538086
ALA57A,76.89414978027344
VAL58A,190.16041564941406
LEU59A,63.544281005859375
VAL60A,22.969303131103516
MET61A,68.58507537841797
PRO62A,52.918209075927734
TRP63A,136.73745727539063
LYS64A,66.09365844726563
ALA65A,161.97203063964844
VAL66A,129.3098907470703
ALA67A,203.32199096679688
GLU68A,113.03155517578125
ILE69A,132.39109802246094
ALA70A,170.0542449951172
GLY71A,60.28200912475586
PHE72A,137.51422119140625
TRP73A,104.26109313964844
PRO74A,149.81878662109375
PHE75A,89.1317367553711
GLY76A,21.463350296020508
SER77A,82.75455474853516
PHE78A,174.59193420410156
CYS79A,107.60242462158203
ASN80A,102.302001953125
ILE81A,124.84725189208984
TRP82A,132.5116424560547
VAL83A,91.9296875
ALA84A,27.66587257385254
PHE85A,91.6454849243164
ASP86A,177.71676635742188
ILE87A,59.62236022949219
MET88A,45.953338623046875
CYS89A,69.927490234375
SER90A,117.66779327392578
THR91A,81.81857299804688
ALA92A,165.72042846679688
SER93A,70.43082427978516
ILE94A,109.51862335205078
LEU95A,117.10679626464844
ASN96A,89.07727813720703
LEU97A,108.11471557617188
CYS98A,58.61533737182617
VAL99A,121.83336639404297
ILE100A,203.73973083496094
SER101A,44.53938293457031
VAL102A,95.67684173583984
ASP103A,96.71833038330078
ARG104A,156.7317352294922
TYR105A,155.12525939941406
TRP106A,180.33433532714844
ALA107A,139.75030517578125
ILE108A,120.5940170288086
SER109A,63.707210540771484
SER110A,126.17811584472656
PRO111A,95.885498046875
PHE112A,152.23300170898438
ARG113A,173.56272888183594
TYR114A,142.03421020507813
GLU115A,210.4315948486328
ARG116A,183.731201171875
LYS117A,280.1905212402344
MET118A,97.75494384765625
THR119A,157.2943878173828
PRO120A,136.32125854492188
LYS121A,180.9720916748047
ALA122A,157.61338806152344
ALA123A,105.0830307006836
PHE124A,145.79733276367188
ILE125A,132.75064086914063
LEU126A,110.12505340576172
ILE127A,94.20140075683594
SER128A,105.20862579345703
VAL129A,198.38807678222656
ALA130A,167.8979034423828
TRP131A,133.69802856445313
THR132A,163.70541381835938
LEU133A,185.64915466308594
SER134A,40.16339874267578
VAL135A,179.7051239013672
LEU136A,119.47648620605469
ILE137A,86.8498306274414
SER138A,80.99713134765625
PHE139A,105.65892791748047
ILE140A,82.24485778808594
PRO141A,84.36132049560547
VAL142A,78.81136322021484
GLN143A,223.271484375
LEU144A,124.86054229736328
SER145A,252.77731323242188
TRP146A,266.8423767089844
HIS147A,103.92511749267578
LYS148A,153.39752197265625
ALA149A,120.4787368774414
LYS150A,183.24310302734375
PRO151A,166.18190002441406
THR152A,106.48030090332031
SER153A,98.26366424560547
PRO154A,93.08714294433594
SER155A,190.6531524658203
ASP156A,127.22219848632813
GLY157A,62.066009521484375
ASN158A,192.02833557128906
ALA159A,76.26656341552734
THR160A,155.9119415283203
SER161A,192.9688262939453
LEU162A,265.79443359375
ALA163A,46.39641571044922
GLU164A,108.7757568359375
THR165A,161.679443359375
ILE166A,187.9244842529297
ASP167A,218.2373046875
ASN168A,112.86713409423828
CYS169A,169.79275512695313
ASP170A,152.5125732421875
SER171A,180.146484375
SER172A,208.89564514160156
LEU173A,218.06332397460938
SER174A,51.73786926269531
ARG175A,161.6844482421875
THR176A,200.1475830078125
TYR177A,174.10845947265625
ALA178A,25.870338439941406
ILE179A,203.43946838378906
SER180A,77.64067077636719
SER181A,127.40491485595703
SER182A,146.43943786621094
VAL183A,139.8923797607422
ILE184A,118.04951477050781
SER185A,159.10426330566406
PHE186A,99.48210906982422
TYR187A,226.81161499023438
ILE188A,154.8250274658203
PRO189A,38.55140686035156
VAL190A,108.76509857177734
ALA191A,74.64408111572266
ILE192A,99.06978607177734
MET193A,129.2208251953125
ILE194A,167.18475341796875
VAL195A,113.30902862548828
THR196A,37.07712936401367
TYR197A,53.79108810424805
THR198A,142.09095764160156
ARG199A,117.38399505615234
ILE200A,75.06632232666016
TYR201A,186.65826416015625
ARG202A,180.57131958007813
ILE203A,99.8567123413086
ALA204A,81.38510131835938
GLN205A,173.84439086914063
LYS206A,283.5823974609375
GLN207A,130.3112335205078
ILE208A,190.1884002685547
ARG209A,244.46322631835938
ARG210A,265.372314453125
ILE211A,254.91363525390625
ALA212A,122.39736938476563
ALA213A,67.91349029541016
LEU214A,127.19140625
GLU215A,143.9772491455078
ARG216A,172.7525177001953
ALA217A,129.42684936523438
ALA218A,65.8406982421875
ALA219A,46.48411560058594
ALA220A,71.24333953857422
SER221A,36.88393020629883
GLN222A,78.36852264404297
PRO223A,64.86678314208984
GLU224A,152.7872314453125
SER225A,42.86109924316406
SER226A,149.40000915527344
PHE227A,208.24392700195313
LYS228A,160.50157165527344
MET229A,59.75352478027344
SER230A,56.68250274658203
PHE231A,138.2399444580078
LYS232A,163.44778442382813
ARG233A,151.71014404296875
GLU234A,163.97647094726563
THR235A,165.598876953125
LYS236A,113.87793731689453
VAL237A,192.62623596191406
LEU238A,240.02113342285156
LYS239A,242.24813842773438
THR240A,139.15866088867188
LEU241A,121.12071228027344
SER242A,74.54613494873047
VAL243A,154.39605712890625
ILE244A,108.7526626586914
MET245A,128.95834350585938
GLY246A,133.83168029785156
VAL247A,83.00775909423828
PHE248A,60.466434478759766
VAL249A,170.17623901367188
CYS250A,149.8040008544922
CYS251A,30.300457000732422
TRP252A,85.34537506103516
LEU253A,133.02926635742188
PRO254A,82.44622039794922
PHE255A,112.95474243164063
PHE256A,149.74301147460938
ILE257A,127.29839324951172
LEU258A,170.4183807373047
ASN259A,155.39637756347656
CYS260A,96.65016174316406
ILE261A,107.6320571899414
LEU262A,179.9237060546875
PRO263A,69.2279281616211
PHE264A,105.12969970703125
CYS265A,105.24539184570313
GLY266A,62.82099151611328
SER267A,121.58456420898438
GLY268A,87.62055206298828
GLU269A,146.51438903808594
THR270A,107.37054443359375
GLN271A,164.67019653320313
PRO272A,152.63514709472656
PHE273A,248.58596801757813
CYS274A,109.16011810302734
ILE275A,46.942535400390625
ASP276A,170.92205810546875
SER277A,177.9864959716797
ASN278A,158.15878295898438
THR279A,148.93324279785156
PHE280A,152.52670288085938
ASP281A,139.13177490234375
VAL282A,176.0242919921875
PHE283A,185.80787658691406
VAL284A,90.81816101074219
TRP285A,153.67160034179688
PHE286A,192.83294677734375
GLY287A,64.26775360107422
TRP288A,138.16940307617188
ALA289A,142.9280242919922
ASN290A,143.61151123046875
SER291A,145.5991668701172
SER292A,126.18497467041016
LEU293A,130.72959899902344
ASN294A,80.0384750366211
PRO295A,137.85317993164063
ILE296A,273.031982421875
ILE297A,210.9628143310547
TYR298A,153.31405639648438
ALA299A,122.49706268310547
PHE300A,188.76190185546875
ASN301A,44.050472259521484
ALA302A,75.61650848388672
ASP303A,65.13524627685547
PHE304A,70.14387512207031
ARG305A,176.54661560058594
LYS306A,140.06199645996094
ALA307A,70.72188568115234
PHE308A,99.04048156738281
SER309A,112.40677642822266
THR310A,172.9361114501953
LEU311A,108.32106018066406
LEU312A,165.0580596923828
GLY313A,104.25830078125
CYS314A,277.7728576660156
MET1B,459.62774658203125
GLY2B,164.57582092285156
CYS3B,227.0247039794922
THR4B,174.00469970703125
VAL5B,183.46461486816406
SER6B,202.26194763183594
ALA7B,145.12200927734375
GLU8B,243.69175720214844
ASP9B,151.3639373779297
LYS10B,154.30133056640625
ALA11B,119.3350830078125
ALA12B,181.77896118164063
ALA13B,89.1336441040039
GLU14B,145.98504638671875
ARG15B,247.3918914794922
SER16B,130.68069458007813
LYS17B,195.01168823242188
MET18B,218.6765899658203
ILE19B,143.7342071533203
ASP20B,50.43128204345703
LYS21B,202.6866455078125
ASN22B,165.27394104003906
LEU23B,127.94917297363281
ARG24B,120.16342163085938
GLU25B,136.55230712890625
ASP26B,171.63833618164063
GLY27B,75.93118286132813
GLU28B,100.0645751953125
LYS29B,83.63331604003906
ALA30B,70.93639373779297
ALA31B,93.51426696777344
ARG32B,173.57521057128906
GLU33B,241.8680877685547
VAL34B,112.87757110595703
LYS35B,247.843994140625
LEU36B,135.82357788085938
LEU37B,42.912593841552734
LEU38B,191.84091186523438
LEU39B,131.59519958496094
GLY40B,149.46241760253906
ALA41B,71.0593490600586
GLY42B,65.81710052490234
GLU43B,142.3734893798828
SER44B,81.6290512084961
GLY45B,67.60971069335938
LYS46B,90.2795181274414
SER47B,136.73138427734375
THR48B,107.08573150634766
ILE49B,84.80780792236328
VAL50B,77.2489242553711
LYS51B,192.3286895751953
GLN52B,144.55795288085938
MET53B,133.9038543701172
LYS54B,199.53887939453125
ILE55B,113.15480041503906
ILE56B,53.31740951538086
HIS57B,76.89414978027344
GLU58B,190.16041564941406
ASP59B,63.544281005859375
GLY60B,22.969303131103516
TYR61B,68.58507537841797
SER62B,52.918209075927734
GLU63B,136.73745727539063
GLU64B,66.09365844726563
GLU65B,161.97203063964844
CYS66B,129.3098907470703
ARG67B,203.32199096679688
GLN68B,113.03155517578125
TYR69B,132.39109802246094
ARG70B,170.0542449951172
ALA71B,60.28200912475586
VAL72B,137.51422119140625
VAL73B,104.26109313964844
TYR74B,149.81878662109375
SER75B,89.1317367553711
ASN76B,21.463350296020508
THR77B,82.75455474853516
ILE78B,174.59193420410156
GLN79B,107.60242462158203
SER80B,102.302001953125
ILE81B,124.84725189208984
MET82B,132.5116424560547
ALA83B,91.9296875
ILE84B,27.66587257385254
VAL85B,91.6454849243164
LYS86B,177.71676635742188
ALA87B,59.62236022949219
MET88B,45.953338623046875
GLY89B,69.927490234375
ASN90B,117.66779327392578
LEU91B,81.81857299804688
GLN92B,165.72042846679688
ILE93B,70.43082427978516
ASP94B,109.51862335205078
PHE95B,117.10679626464844
ALA96B,89.07727813720703
ASP97B,108.11471557617188
PRO98B,58.61533737182617
SER99B,121.83336639404297
ARG100B,203.73973083496094
ALA101B,44.53938293457031
ASP102B,95.67684173583984
ASP103B,96.71833038330078
ALA104B,156.7317352294922
ARG105B,155.12525939941406
GLN106B,180.33433532714844
LEU107B,139.75030517578125
PHE108B,120.5940170288086
ALA109B,63.707210540771484
LEU110B,126.17811584472656
SER111B,95.885498046875
CYS112B,152.23300170898438
THR113B,173.56272888183594
ALA114B,142.03421020507813
GLU115B,210.4315948486328
GLU116B,183.731201171875
GLN117B,280.1905212402344
GLY118B,97.75494384765625
VAL119B,157.2943878173828
LEU120B,136.32125854492188
PRO121B,180.9720916748047
ASP122B,157.61338806152344
ASP123B,105.0830307006836
LEU124B,145.79733276367188
SER125B,132.75064086914063
GLY126B,110.12505340576172
VAL127B,94.20140075683594
ILE128B,105.20862579345703
ARG129B,198.38807678222656
ARG130B,167.8979034423828
LEU131B,133.69802856445313
TRP132B,163.70541381835938
ALA133B,185.64915466308594
ASP134B,40.16339874267578
HIS135B,179.7051239013672
GLY136B,119.47648620605469
VAL137B,86.8498306274414
GLN138B,80.99713134765625
ALA139B,105.65892791748047
CYS140B,82.24485778808594
PHE141B,84.36132049560547
GLY142B,78.81136322021484
ARG143B,223.271484375
SER144B,124.86054229736328
ARG145B,252.77731323242188
GLU146B,266.8423767089844
TYR147B,103.92511749267578
GLN148B,153.39752197265625
LEU149B,120.4787368774414
ASN150B,183.24310302734375
ASP151B,166.18190002441406
SER152B,106.48030090332031
ALA153B,98.26366424560547
ALA154B,93.08714294433594
TYR155B,190.6531524658203
TYR156B,127.22219848632813
LEU157B,62.066009521484375
ASN158B,192.02833557128906
ASP159B,76.26656341552734
LEU160B,155.9119415283203
GLU161B,192.9688262939453
ARG162B,265.79443359375
ILE163B,46.39641571044922
ALA164B,108.7757568359375
GLN165B,161.679443359375
SER166B,187.9244842529297
ASP167B,218.2373046875
TYR168B,112.86713409423828
ILE169B,169.79275512695313
PRO170B,152.5125732421875
THR171B,180.146484375
GLN172B,208.89564514160156
GLN173B,218.06332397460938
ASP174B,51.73786926269531
VAL175B,161.6844482421875
LEU176B,200.1475830078125
ARG177B,174.10845947265625
THR178B,25.870338439941406
ARG179B,203.43946838378906
VAL180B,77.64067077636719
LYS181B,127.40491485595703
THR182B,146.43943786621094
THR183B,139.8923797607422
GLY184B,118.04951477050781
ILE185B,159.10426330566406
VAL186B,99.48210906982422
GLU187B,226.81161499023438
THR188B,154.8250274658203
HIS189B,38.55140686035156
PHE190B,108.76509857177734
THR191B,74.64408111572266
PHE192B,99.06978607177734
LYS193B,129.2208251953125
ASP194B,167.18475341796875
LEU195B,113.30902862548828
HIS196B,37.07712936401367
PHE197B,53.79108810424805
LYS198B,142.09095764160156
MET199B,117.38399505615234
PHE200B,75.06632232666016
ASP201B,186.65826416015625
VAL202B,180.57131958007813
GLY203B,99.8567123413086
GLY204B,81.38510131835938
GLN205B,173.84439086914063
ARG206B,283.5823974609375
SER207B,130.3112335205078
GLU208B,190.1884002685547
ARG209B,244.46322631835938
LYS210B,265.372314453125
LYS211B,254.91363525390625
TRP212B,122.39736938476563
ILE213B,67.91349029541016
HIS214B,127.19140625
CYS215B,143.9772491455078
PHE216B,172.7525177001953
GLU217B,129.42684936523438
GLY218B,65.8406982421875
VAL219B,46.48411560058594
THR220B,71.24333953857422
ALA221B,36.88393020629883
ILE222B,78.36852264404297
ILE223B,64.86678314208984
PHE224B,152.7872314453125
CYS225B,42.86109924316406
VAL226B,149.40000915527344
ALA227B,208.24392700195313
LEU228B,160.50157165527344
SER229B,59.75352478027344
ALA230B,56.68250274658203
TYR231B,138.2399444580078
ASP232B,163.44778442382813
LEU233B,151.71014404296875
VAL234B,163.97647094726563
LEU235B,165.598876953125
ALA236B,113.87793731689453
GLU237B,192.62623596191406
ASP238B,240.02113342285156
GLU239B,242.24813842773438
GLU240B,139.15866088867188
MET241B,121.12071228027344
ASN242B,74.54613494873047
ARG243B,154.39605712890625
MET244B,108.7526626586914
HIS245B,128.95834350585938
GLU246B,133.83168029785156
SER247B,83.00775909423828
MET248B,60.466434478759766
LYS249B,170.17623901367188
LEU250B,149.8040008544922
PHE251B,30.300457000732422
ASP252B,85.34537506103516
SER253B,133.02926635742188
ILE254B,82.44622039794922
CYS255B,112.95474243164063
ASN256B,149.74301147460938
ASN257B,127.29839324951172
LYS258B,170.4183807373047
TRP259B,155.39637756347656
PHE260B,96.65016174316406
THR261B,107.6320571899414
ASP262B,179.9237060546875
THR263B,69.2279281616211
SER264B,105.12969970703125
ILE265B,105.24539184570313
ILE266B,62.82099151611328
LEU267B,121.58456420898438
PHE268B,87.62055206298828
LEU269B,146.51438903808594
ASN270B,107.37054443359375
LYS271B,164.67019653320313
LYS272B,152.63514709472656
ASP273B,248.58596801757813
LEU274B,109.16011810302734
PHE275B,46.942535400390625
GLU276B,170.92205810546875
GLU277B,177.9864959716797
LYS278B,158.15878295898438
ILE279B,148.93324279785156
THR280B,152.52670288085938
HIS281B,139.13177490234375
SER282B,176.0242919921875
PRO283B,185.80787658691406
LEU284B,90.81816101074219
THR285B,153.67160034179688
ILE286B,192.83294677734375
CYS287B,64.26775360107422
PHE288B,138.16940307617188
PRO289B,142.9280242919922
GLU290B,143.61151123046875
TYR291B,145.5991668701172
THR292B,126.18497467041016
GLY293B,130.72959899902344
ALA294B,80.0384750366211
ASN295B,137.85317993164063
LYS296B,273.031982421875
TYR297B,210.9628143310547
ASP298B,153.31405639648438
GLU299B,122.49706268310547
ALA300B,188.76190185546875
ALA301B,44.050472259521484
SER302B,75.61650848388672
TYR303B,65.13524627685547
ILE304B,70.14387512207031
GLN305B,176.54661560058594
SER306B,140.06199645996094
LYS307B,70.72188568115234
PHE308B,99.04048156738281
GLU309B,112.40677642822266
ASP310B,172.9361114501953
LEU311B,108.32106018066406
ASN312B,165.0580596923828
LYS313B,104.25830078125
ARG314B,277.7728576660156
LYS315B,123.48660278320313
ASP316B,98.35999298095703
THR317B,61.38729476928711
LYS318B,53.626304626464844
GLU319B,29.729755401611328
ILE320B,37.87657165527344
TYR321B,15.384586334228516
THR322B,38.19419860839844
HIS323B,48.313602447509766
PHE324B,113.7031021118164
THR325B,24.89862823486328
CYS326B,55.87460708618164
ALA327B,58.47299575805664
THR328B,85.5943374633789
ASP329B,123.36592102050781
THR330B,73.13285827636719
LYS331B,120.19523620605469
ASN332B,53.67486572265625
VAL333B,50.790992736816406
GLN334B,79.9683609008789
PHE335B,79.06780242919922
VAL336B,15.390286445617676
PHE337B,47.66215896606445
ASP338B,91.3993148803711
ALA339B,8.573592185974121
VAL340B,23.270273208618164
THR341B,16.338537216186523
ASP342B,18.56230354309082
VAL343B,33.02722930908203
ILE344B,97.77586364746094
ILE345B,34.791568756103516
LYS346B,30.613666534423828
ASN347B,101.48607635498047
ASN348B,70.91449737548828
LEU349B,43.239376068115234
LYS350B,120.75578308105469
ASP351B,45.06503677368164
CYS352B,69.79940032958984
GLY353B,24.25639533996582
LEU354B,41.851806640625
PHE355B,103.1630859375
